Band Name,Global Mean (μ) [0-1 scaled],Global Std Dev (σ) [0-1 scaled]
Coastal Aerosol,0.14842193,0.27717382
Blue,0.14842193,0.22410914
Green,0.13695328,0.17783228
Red,0.10965871,0.16012436
Red Edge 1,0.119203165,0.17550485
Red Edge 2,0.14842193,0.24259154
Red Edge 3,0.14842193,0.28748056
NIR,0.14842193,0.2888639
Red Edge 4,0.07429709,0.100152254
Water Vapor,0.0022124054,0.006604494
SWIR Cirrus,0.14842193,0.27346483
SWIR 1,0.120966576,0.17727128
SWIR 2,0.14842193,0.34850866
